{
    "http://98.8.195.160:443": {
        "status": "success",
        "country": "United States",
        "countryCode": "US",
        "region": "GA",
        "regionName": "Georgia",
        "city": "Atlanta",
        "zip": "30339",
        "lat": 33.8743,
        "lon": -84.4653,
        "timezone": "America/New_York",
        "isp": "Spectrum",
        "org": "Road Runner",
        "as": "AS19115 Charter Communications",
        "query": "98.8.35.1",
        "response_time": 0.23091888427734375
    },
    "socks4://185.59.100.55:1080": {
        "status": "success",
        "country": "Germany",
        "countryCode": "DE",
        "region": "BW",
        "regionName": "Baden-Wurttemberg",
        "city": "Karlsruhe",
        "zip": "76229",
        "lat": 49.033,
        "lon": 8.47363,
        "timezone": "Europe/Berlin",
        "isp": "Netversor GmbH",
        "org": "Hosting Networks",
        "as": "AS200081 Netversor GmbH",
        "query": "185.59.100.55",
        "response_time": 0.39933037757873535
    },
    "http://5.189.239.157:80": {
        "status": "success",
        "country": "Russia",
        "countryCode": "RU",
        "region": "SPE",
        "regionName": "St.-Petersburg",
        "city": "St Petersburg",
        "zip": "195213",
        "lat": 59.9417,
        "lon": 30.3096,
        "timezone": "Europe/Moscow",
        "isp": "JSC Selectel",
        "org": "",
        "as": "AS49505 JSC Selectel",
        "query": "5.189.239.157",
        "response_time": 0.513669490814209
    },
    "socks4://195.219.98.27:5678": {
        "status": "success",
        "country": "Spain",
        "countryCode": "ES",
        "region": "PV",
        "regionName": "Basque Country",
        "city": "Bilbao",
        "zip": "48009",
        "lat": 43.263,
        "lon": -2.9351,
        "timezone": "Europe/Madrid",
        "isp": "TATA Communications",
        "org": "Nexis Tecnologias",
        "as": "AS6453 TATA COMMUNICATIONS (AMERICA) INC",
        "query": "195.219.98.44",
        "response_time": 0.4940934181213379
    },
    "http://180.210.89.215:3128": {
        "status": "success",
        "country": "South Korea",
        "countryCode": "KR",
        "region": "41",
        "regionName": "Gyeonggi-do",
        "city": "Seongnam-si",
        "zip": "13606",
        "lat": 37.3783,
        "lon": 127.102,
        "timezone": "Asia/Seoul",
        "isp": "NHNCLOUD",
        "org": "",
        "as": "AS45974 NHNCLOUD",
        "query": "180.210.91.9",
        "response_time": 0.7194695472717285
    },
    "socks4://31.172.186.69:64613": {
        "status": "success",
        "country": "Poland",
        "countryCode": "PL",
        "region": "12",
        "regionName": "Lesser Poland",
        "city": "Krakow",
        "zip": "30-009",
        "lat": 50.0765,
        "lon": 19.9374,
        "timezone": "Europe/Warsaw",
        "isp": "Fibertech Networks Sp. z o.o",
        "org": "Fibertech Networks Sp. z o.o.",
        "as": "AS31242 P4 Sp. z o.o.",
        "query": "31.172.186.69",
        "response_time": 0.7276120185852051
    },
    "http://16.78.119.130:443": {
        "status": "success",
        "country": "Indonesia",
        "countryCode": "ID",
        "region": "JK",
        "regionName": "Jakarta",
        "city": "Jakarta",
        "zip": "",
        "lat": -6.1741,
        "lon": 106.8296,
        "timezone": "Asia/Jakarta",
        "isp": "Amazon.com, Inc.",
        "org": "AWS EC2 (ap-southeast-3)",
        "as": "AS16509 Amazon.com, Inc.",
        "query": "43.218.11.238",
        "response_time": 0.7467217445373535
    },
    "socks4://109.86.228.165:5678": {
        "status": "success",
        "country": "Ukraine",
        "countryCode": "UA",
        "region": "63",
        "regionName": "Kharkivs\u2019ka Oblast\u2019",
        "city": "Kharkiv",
        "zip": "61144",
        "lat": 49.982,
        "lon": 36.2566,
        "timezone": "Europe/Kyiv",
        "isp": "Triolan",
        "org": "",
        "as": "AS13188 CONTENT DELIVERY NETWORK LTD",
        "query": "109.86.228.165",
        "response_time": 0.62735915184021
    },
    "http://77.242.98.39:8080": {
        "status": "success",
        "country": "Russia",
        "countryCode": "RU",
        "region": "TYU",
        "regionName": "Tyumen Oblast",
        "city": "Tyumen",
        "zip": "625000",
        "lat": 57.1484,
        "lon": 65.5391,
        "timezone": "Asia/Yekaterinburg",
        "isp": "JSC \"Russian Company\" LIR",
        "org": "JSC Russian Company",
        "as": "AS15493 \"Russian company\" LLC",
        "query": "77.242.98.39",
        "response_time": 1.0126547813415527
    },
    "http://196.192.76.185:3128": {
        "status": "success",
        "country": "Tanzania",
        "countryCode": "TZ",
        "region": "02",
        "regionName": "Dar es Salaam Region",
        "city": "Dar es Salaam",
        "zip": "",
        "lat": -6.81899,
        "lon": 39.2867,
        "timezone": "Africa/Dar_es_Salaam",
        "isp": "Tanzania Telecommunications CO. LTD",
        "org": "TTCL",
        "as": "AS33765 TANZANIA TELECOMMUNICATIONS CO. LTD",
        "query": "41.59.249.98",
        "response_time": 1.0338246822357178
    },
    "socks4://61.7.147.227:4145": {
        "status": "success",
        "country": "Thailand",
        "countryCode": "TH",
        "region": "10",
        "regionName": "Bangkok",
        "city": "Bangkok",
        "zip": "10120",
        "lat": 13.7101,
        "lon": 100.4543,
        "timezone": "Asia/Bangkok",
        "isp": "CAT Telecom Public Company Limited",
        "org": "National Telecom Public Company Limited",
        "as": "AS131090 CAT TELECOM Public Company Ltd,CAT",
        "query": "61.7.147.227",
        "response_time": 1.007328987121582
    },
    "http://8.219.97.248:80": {
        "status": "success",
        "country": "Singapore",
        "countryCode": "SG",
        "region": "03",
        "regionName": "North West",
        "city": "Singapore",
        "zip": "858877",
        "lat": 1.35208,
        "lon": 103.82,
        "timezone": "Asia/Singapore",
        "isp": "Alibaba (US) Technology Co., Ltd.",
        "org": "Alibaba.com Singapore E-Commerce Private Limited",
        "as": "AS45102 Alibaba (US) Technology Co., Ltd.",
        "query": "8.219.64.236",
        "response_time": 1.098947286605835
    },
    "http://106.115.87.35:9100": {
        "status": "success",
        "country": "China",
        "countryCode": "CN",
        "region": "HE",
        "regionName": "Hebei",
        "city": "Handan",
        "zip": "",
        "lat": 36.61,
        "lon": 114.4876,
        "timezone": "Asia/Shanghai",
        "isp": "Chinanet",
        "org": "Chinanet HE",
        "as": "AS4134 CHINANET-BACKBONE",
        "query": "106.115.87.35",
        "response_time": 1.2967031002044678
    },
    "http://189.240.60.171:9090": {
        "status": "success",
        "country": "Mexico",
        "countryCode": "MX",
        "region": "CMX",
        "regionName": "Mexico City",
        "city": "Coyoac\u00e1n",
        "zip": "04330",
        "lat": 19.3406,
        "lon": -99.1521,
        "timezone": "America/Mexico_City",
        "isp": "Uninet S.A. de C.V.",
        "org": "UNINET",
        "as": "AS8151 UNINET",
        "query": "189.240.60.168",
        "response_time": 1.3159081935882568
    },
    "http://189.240.60.168:9090": {
        "status": "success",
        "country": "Mexico",
        "countryCode": "MX",
        "region": "CMX",
        "regionName": "Mexico City",
        "city": "Coyoac\u00e1n",
        "zip": "04330",
        "lat": 19.3406,
        "lon": -99.1521,
        "timezone": "America/Mexico_City",
        "isp": "Uninet S.A. de C.V.",
        "org": "UNINET",
        "as": "AS8151 UNINET",
        "query": "189.240.60.168",
        "response_time": 1.2826077938079834
    },
    "socks4://198.12.249.249:48086": {
        "status": "success",
        "country": "United States",
        "countryCode": "US",
        "region": "AZ",
        "regionName": "Arizona",
        "city": "Tempe",
        "zip": "85284",
        "lat": 33.3359,
        "lon": -111.894,
        "timezone": "America/Phoenix",
        "isp": "GoDaddy.com, LLC",
        "org": "GoDaddy.com, LLC",
        "as": "AS398101 GoDaddy.com, LLC",
        "query": "198.12.249.249",
        "response_time": 1.4348816871643066
    },
    "socks4://80.92.224.141:5678": {
        "status": "success",
        "country": "Ukraine",
        "countryCode": "UA",
        "region": "30",
        "regionName": "Kyiv City",
        "city": "Kyiv",
        "zip": "03027",
        "lat": 50.458,
        "lon": 30.5303,
        "timezone": "Europe/Kyiv",
        "isp": "WNET TELECOM USA Corp.",
        "org": "LoadMe",
        "as": "AS1820 WNET TELECOM USA Corp.",
        "query": "80.92.224.141",
        "response_time": 1.4622251987457275
    },
    "socks4://27.75.155.42:1080": {
        "status": "success",
        "country": "Vietnam",
        "countryCode": "VN",
        "region": "SG",
        "regionName": "Ho Chi Minh",
        "city": "Ho Chi Minh City",
        "zip": "700000",
        "lat": 10.822,
        "lon": 106.6257,
        "timezone": "Asia/Ho_Chi_Minh",
        "isp": "Newass2011xDSLHN",
        "org": "",
        "as": "AS7552 Viettel Group",
        "query": "27.75.155.42",
        "response_time": 1.461073875427246
    },
    "socks4://138.59.177.117:5678": {
        "status": "success",
        "country": "Honduras",
        "countryCode": "HN",
        "region": "CR",
        "regionName": "Cort\u00e9s Department",
        "city": "San Pedro Sula",
        "zip": "",
        "lat": 15.4967,
        "lon": -88.0338,
        "timezone": "America/Tegucigalpa",
        "isp": "INET Communication",
        "org": "INET Communication",
        "as": "AS263686 INET Communication",
        "query": "131.161.54.12",
        "response_time": 1.4082307815551758
    },
    "http://114.214.165.78:10810": {
        "status": "success",
        "country": "China",
        "countryCode": "CN",
        "region": "AH",
        "regionName": "Anhui",
        "city": "Hefei",
        "zip": "230000",
        "lat": 31.8206,
        "lon": 117.229,
        "timezone": "Asia/Shanghai",
        "isp": "CERNET",
        "org": "中国科鸭际醮笱, University of Science and Technology of China",
        "as": "AS4538 China Education and Research Network Center",
        "query": "114.214.165.78",
        "response_time": 1.6785831451416016
    },
    "http://5.189.130.42:23055": {
        "status": "success",
        "country": "France",
        "countryCode": "FR",
        "region": "GES",
        "regionName": "Grand Est",
        "city": "Lauterbourg",
        "zip": "67630",
        "lat": 48.9742,
        "lon": 8.1851,
        "timezone": "Europe/Paris",
        "isp": "Contabo GmbH",
        "org": "Contabo GmbH",
        "as": "AS51167 Contabo GmbH",
        "query": "5.189.130.42",
        "response_time": 1.9585716724395752
    },
    "http://140.238.24.231:1080": {
        "status": "success",
        "country": "South Korea",
        "countryCode": "KR",
        "region": "11",
        "regionName": "Seoul",
        "city": "Seoul",
        "zip": "02878",
        "lat": 37.5985,
        "lon": 126.9783,
        "timezone": "Asia/Seoul",
        "isp": "Oracle Corporation",
        "org": "Oracle Cloud Infrastructure (ap-seoul-1)",
        "as": "AS31898 Oracle Corporation",
        "query": "140.238.24.231",
        "response_time": 2.223665714263916
    },
    "socks4://194.87.49.12:1080": {
        "status": "success",
        "country": "The Netherlands",
        "countryCode": "NL",
        "region": "NH",
        "regionName": "North Holland",
        "city": "Amsterdam",
        "zip": "1012",
        "lat": 52.3759,
        "lon": 4.8975,
        "timezone": "Europe/Amsterdam",
        "isp": "TimeWeb Ltd.",
        "org": "TimeWeb Ltd",
        "as": "AS9123 TimeWeb Ltd.",
        "query": "194.87.49.12",
        "response_time": 2.1416521072387695
    },
    "socks4://212.47.250.36:16379": {
        "status": "success",
        "country": "Iceland",
        "countryCode": "IS",
        "region": "1",
        "regionName": "Capital Region",
        "city": "Reykjavik",
        "zip": "101",
        "lat": 64.1318,
        "lon": -21.9466,
        "timezone": "Atlantic/Reykjavik",
        "isp": "Stark Industries Solutions LTD",
        "org": "Stark Industries Solutions LTD",
        "as": "AS44477 STARK INDUSTRIES SOLUTIONS LTD",
        "query": "45.83.21.193",
        "response_time": 2.386582374572754
    },
    "socks4://51.15.139.14:16379": {
        "status": "success",
        "country": "Sweden",
        "countryCode": "SE",
        "region": "AB",
        "regionName": "Stockholm County",
        "city": "Stockholm",
        "zip": "100 04",
        "lat": 59.3253,
        "lon": 18.0678,
        "timezone": "Europe/Stockholm",
        "isp": "No ACK Group Holding AB",
        "org": "No ACK Group Holding AB",
        "as": "AS30893 No ACK Group Holding AB",
        "query": "195.47.238.83",
        "response_time": 2.2274954319000244
    },
    "http://187.111.144.102:8080": {
        "status": "success",
        "country": "Brazil",
        "countryCode": "BR",
        "region": "RS",
        "regionName": "Rio Grande do Sul",
        "city": "S\u00e3o Sebasti\u00e3o do Ca\u00ed",
        "zip": "95760",
        "lat": -29.5839,
        "lon": -51.3733,
        "timezone": "America/Sao_Paulo",
        "isp": "Caezar Provedor de Internet EIRELI",
        "org": "Caezar Provedor de Internet EIRELI",
        "as": "AS262715 Caezar Provedor de Internet EIRELI",
        "query": "187.111.144.102",
        "response_time": 2.707345724105835
    },
    "socks4://212.5.132.74:5678": {
        "status": "success",
        "country": "Bulgaria",
        "countryCode": "BG",
        "region": "22",
        "regionName": "Sofia-Capital",
        "city": "Sofia",
        "zip": "1000",
        "lat": 42.6826,
        "lon": 23.3223,
        "timezone": "Europe/Sofia",
        "isp": "BTC Plc",
        "org": "Bulgarian Telecommunications Company Plc.",
        "as": "AS8866 Vivacom Bulgaria EAD",
        "query": "212.5.132.74",
        "response_time": 2.7042911052703857
    },
    "socks4://85.237.62.189:3629": {
        "status": "success",
        "country": "Russia",
        "countryCode": "RU",
        "region": "PNZ",
        "regionName": "Penza Oblast",
        "city": "Penza",
        "zip": "440000",
        "lat": 53.1963,
        "lon": 45.0217,
        "timezone": "Europe/Moscow",
        "isp": "PJSC Rostelecom",
        "org": "JSC Volgatelecom",
        "as": "AS12389 PJSC Rostelecom",
        "query": "85.237.62.189",
        "response_time": 2.8539199829101562
    },
    "socks4://34.124.190.108:8080": {
        "status": "success",
        "country": "The Netherlands",
        "countryCode": "NL",
        "region": "NB",
        "regionName": "North Brabant",
        "city": "Roosendaal",
        "zip": "4701",
        "lat": 51.5359,
        "lon": 4.46532,
        "timezone": "Europe/Amsterdam",
        "isp": "NFOrce Entertainment BV",
        "org": "NForce Entertainment B.V",
        "as": "AS43350 NForce Entertainment B.V.",
        "query": "185.107.57.64",
        "response_time": 2.7734696865081787
    },
    "http://36.103.167.209:7890": {
        "status": "success",
        "country": "China",
        "countryCode": "CN",
        "region": "NX",
        "regionName": "Ningxia",
        "city": "Yinchuan",
        "zip": "750000",
        "lat": 38.4712,
        "lon": 106.259,
        "timezone": "Asia/Shanghai",
        "isp": "CHINANET NINGXIA province ZHONGWEI IDC network",
        "org": "Chinanet NX",
        "as": "AS134761 CHINANET NINGXIA province ZHONGWEI IDC network",
        "query": "36.103.167.209",
        "response_time": 4.273646354675293
    },
    "socks4://162.240.174.219:10086": {
        "status": "success",
        "country": "United States",
        "countryCode": "US",
        "region": "UT",
        "regionName": "Utah",
        "city": "Provo",
        "zip": "84606",
        "lat": 40.2066,
        "lon": -111.643,
        "timezone": "America/Denver",
        "isp": "Unified Layer",
        "org": "Unified Layer",
        "as": "AS46606 Unified Layer",
        "query": "162.240.174.219",
        "response_time": 4.15924072265625
    },
    "socks4://103.151.140.124:17171": {
        "status": "success",
        "country": "Indonesia",
        "countryCode": "ID",
        "region": "JK",
        "regionName": "Jakarta",
        "city": "Jakarta",
        "zip": "",
        "lat": -6.26149,
        "lon": 106.811,
        "timezone": "Asia/Jakarta",
        "isp": "PT Indotechno Digital Komputasi",
        "org": "",
        "as": "AS140417 PT Indotechno Digital Komputasi",
        "query": "103.151.140.124",
        "response_time": 5.3407769203186035
    },
    "socks4://188.125.169.221:5678": {
        "status": "success",
        "country": "Turkey",
        "countryCode": "TR",
        "region": "06",
        "regionName": "Ankara",
        "city": "Ankara",
        "zip": "06050",
        "lat": 39.9334,
        "lon": 32.8597,
        "timezone": "Europe/Istanbul",
        "isp": "High Speed Telekomunikasyon ve Hab. Hiz. Ltd. Sti.",
        "org": "Datatelekom Bilgisayar Internet Bilisim Yazilim ve Telekomunikasyon Hizmetleri San ve Dis Tic Ltd Sti",
        "as": "AS202561 High Speed Telekomunikasyon ve Hab. Hiz. Ltd. Sti.",
        "query": "188.125.169.221",
        "response_time": 0.588324785232544
    },
    "socks4://45.12.132.45:50791": {
        "status": "success",
        "country": "Hungary",
        "countryCode": "HU",
        "region": "BU",
        "regionName": "Budapest",
        "city": "Budapest",
        "zip": "1007",
        "lat": 47.4979,
        "lon": 19.0402,
        "timezone": "Europe/Budapest",
        "isp": "Stark Industries Solutions LTD",
        "org": "Stark Industries Solutions LTD",
        "as": "AS44477 STARK INDUSTRIES SOLUTIONS LTD",
        "query": "45.12.132.45",
        "response_time": 0.675236701965332
    },
    "socks4://172.105.193.238:1080": {
        "status": "success",
        "country": "Japan",
        "countryCode": "JP",
        "region": "38",
        "regionName": "Ehime",
        "city": "Shinagawa",
        "zip": "791-1511",
        "lat": 33.6359,
        "lon": 133.003,
        "timezone": "Asia/Tokyo",
        "isp": "Akamai Technologies",
        "org": "Linode",
        "as": "AS63949 Akamai Connected Cloud",
        "query": "172.105.193.238",
        "response_time": 0.8399205207824707
    },
    "socks4://172.233.14.116:1080": {
        "status": "success",
        "country": "Brazil",
        "countryCode": "BR",
        "region": "SP",
        "regionName": "S\u00e3o Paulo",
        "city": "S\u00e3o Paulo",
        "zip": "01323",
        "lat": -23.5475,
        "lon": -46.6361,
        "timezone": "America/Sao_Paulo",
        "isp": "Akamai Technologies, Inc.",
        "org": "Akamai Technologies, Inc.",
        "as": "AS63949 Akamai Connected Cloud",
        "query": "172.233.14.116",
        "response_time": 1.4575567245483398
    },
    "socks5://103.189.218.85:6969": {
        "status": "success",
        "country": "Bangladesh",
        "countryCode": "BD",
        "region": "C",
        "regionName": "Dhaka Division",
        "city": "Tongi",
        "zip": "1230",
        "lat": 23.8915,
        "lon": 90.4023,
        "timezone": "Asia/Dhaka",
        "isp": "Comfort Solutions",
        "org": "Md. Ruhul Amin Sarker",
        "as": "AS149868 Comfort Solutions",
        "query": "103.189.218.85",
        "response_time": 1.535109519958496
    },
    "socks5://140.238.24.231:1080": {
        "status": "success",
        "country": "South Korea",
        "countryCode": "KR",
        "region": "11",
        "regionName": "Seoul",
        "city": "Seoul",
        "zip": "02878",
        "lat": 37.5985,
        "lon": 126.9783,
        "timezone": "Asia/Seoul",
        "isp": "Oracle Corporation",
        "org": "Oracle Cloud Infrastructure (ap-seoul-1)",
        "as": "AS31898 Oracle Corporation",
        "query": "140.238.24.231",
        "response_time": 1.765287160873413
    },
    "socks4://87.98.148.34:54165": {
        "status": "success",
        "country": "France",
        "countryCode": "FR",
        "region": "HDF",
        "regionName": "Hauts-de-France",
        "city": "Gravelines",
        "zip": "59820",
        "lat": 50.9871,
        "lon": 2.12554,
        "timezone": "Europe/Paris",
        "isp": "OVH SAS",
        "org": "OVH",
        "as": "AS16276 OVH SAS",
        "query": "141.94.106.195",
        "response_time": 1.8633689880371094
    },
    "socks4://152.53.36.109:40876": {
        "status": "success",
        "country": "India",
        "countryCode": "IN",
        "region": "KA",
        "regionName": "Karnataka",
        "city": "Mysore",
        "zip": "570008",
        "lat": 12.2989,
        "lon": 76.6394,
        "timezone": "Asia/Kolkata",
        "isp": "BSNL Internet",
        "org": "",
        "as": "AS9829 National Internet Backbone",
        "query": "117.216.167.203",
        "response_time": 3.5102617740631104
    },
    "socks5://103.151.140.124:17171": {
        "status": "success",
        "country": "Indonesia",
        "countryCode": "ID",
        "region": "JK",
        "regionName": "Jakarta",
        "city": "Jakarta",
        "zip": "",
        "lat": -6.26149,
        "lon": 106.811,
        "timezone": "Asia/Jakarta",
        "isp": "PT Indotechno Digital Komputasi",
        "org": "",
        "as": "AS140417 PT Indotechno Digital Komputasi",
        "query": "103.151.140.124",
        "response_time": 4.2234742641448975
    },
    "socks5://163.172.134.29:16379": {
        "status": "success",
        "country": "The Netherlands",
        "countryCode": "NL",
        "region": "NH",
        "regionName": "North Holland",
        "city": "Amsterdam",
        "zip": "1012",
        "lat": 52.3676,
        "lon": 4.90414,
        "timezone": "Europe/Amsterdam",
        "isp": "Surf B.V.",
        "org": "Nothing to hide",
        "as": "AS1101 SURF B.V.",
        "query": "192.42.116.210",
        "response_time": 4.27820086479187
    }
}